,AAPL,ABT,AMD,ANET,AVGO,BAC,BBY,BMY,CEG,COP,CVX,ETN,GE,HD,JPM,KO,LLY,MMM,NVDA,PEP,SMCI,TFC,TSM,UNH,USB,VRT,VST,WFC,WMT,XOM,JNJ
2025-12-01,283.32000732421875,128.07000732421875,219.8300018310547,128.1699981689453,386.1400146484375,53.2599983215332,77.2300033569336,49.18999862670898,359.1199951171875,90.3000030517578,152.5500030517578,339.7300109863281,288.5299987792969,357.3999938964844,308.989990234375,72.0,1058.0899658203125,170.52999877929688,179.99000549316406,149.5399932861328,33.40999984741211,46.58000183105469,287.760009765625,323.3599853515625,49.43000030517578,179.25,173.63999938964844,85.41999816894531,111.63999938964844,116.66000366210938,
2025-12-02,286.2300109863281,126.3000030517578,,127.1999969482422,381.4700012207031,53.165000915527344,,,363.6400146484375,89.29000091552734,150.1999969482422,,289.2900085449219,354.0010070800781,307.8900146484375,70.66000366210938,,171.50999450683594,181.3600006103516,148.58999633789062,32.900001525878906,46.459999084472656,292.1000061035156,324.56500244140625,49.68000030517578,181.00999450683597,172.5800018310547,86.32499694824219,112.41000366210938,,205.33999633789065
2025-12-03,284.1499938964844,,217.58999633789065,127.79000091552734,380.6199951171875,,,50.98500061035156,361.4500122070313,,151.63999938964844,335.6700134277344,288.489990234375,357.9100036621094,312.1499938964844,70.80999755859375,1033.550048828125,173.09500122070312,179.63999938964844,148.05999755859375,33.66999816894531,47.41999816894531,295.4700012207031,339.7749938964844,50.93000030517578,178.88999938964844,171.66000366210938,89.36000061035156,114.44499969482422,117.8249969482422,205.3300018310547
2025-12-04,280.6499938964844,125.4000015258789,216.0,128.60000610351562,381.2000122070313,54.150001525878906,74.05500030517578,51.98500061035156,368.6700134277344,93.13999938964844,152.25999450683594,338.7900085449219,291.8900146484375,351.1600036621094,316.1300048828125,70.44999694824219,1014.27001953125,169.27499389648438,183.3999938964844,146.89999389648438,34.25,47.52999877929688,292.92999267578125,333.510009765625,51.375,182.55999755859372,176.1199951171875,90.20999908447266,114.83999633789062,117.13999938964844,202.47999572753903
2025-12-05,278.7900085449219,125.02999877929688,217.91000366210935,128.56500244140625,390.1600036621094,53.900001525878906,74.16500091552734,52.14500045776367,359.82000732421875,93.69000244140624,149.9600067138672,337.6000061035156,283.8999938964844,354.5799865722656,,69.9749984741211,,167.4499969482422,182.3500061035156,145.0399932861328,34.69499969482422,47.525001525878906,294.70001220703125,330.79998779296875,51.255001068115234,188.97999572753903,167.13999938964844,89.83000183105469,115.11000061035156,116.5199966430664,201.91000366210935
2025-12-08,277.9599914550781,122.09500122070312,221.0500030517578,129.14999389648438,401.1795043945313,53.900001525878906,72.55000305175781,51.70500183105469,357.6600036621094,92.88999938964844,148.7100067138672,343.45001220703125,287.2200012207031,349.94000244140625,315.2900085449219,,997.75,163.9600067138672,185.5800018310547,145.63999938964844,35.380001068115234,47.70500183105469,301.8999938964844,323.5299987792969,51.435001373291016,185.69000244140625,166.11000061035156,90.06500244140625,113.59500122070312,115.98999786376952,201.67999267578125
2025-12-09,277.2300109863281,121.2300033569336,221.55999755859372,130.0500030517578,406.3299865722656,53.54999923706055,73.17500305175781,,359.20001220703125,93.44000244140624,148.5449981689453,341.75,285.32501220703125,345.3450012207031,,70.11499786376953,982.1500244140624,165.1300048828125,184.97000122070312,144.6300048828125,35.040000915527344,47.91999816894531,303.5899963378906,323.6400146484375,51.58000183105469,178.31500244140625,164.8300018310547,88.92500305175781,115.08999633789062,118.23999786376952,200.0
2025-12-10,278.7200012207031,122.5500030517578,221.4199981689453,132.41000366210938,412.8500061035156,54.09999847412109,74.12000274658203,51.21500015258789,362.1000061035156,96.79000091552734,151.40499877929688,353.4700012207031,283.54998779296875,351.135009765625,310.1199951171875,70.2249984741211,993.3499755859376,165.6999969482422,183.77999877929688,149.69000244140625,34.91999816894531,49.560001373291016,310.1199951171875,328.29998779296875,53.55500030517578,181.77999877929688,165.21499633789062,90.69000244140624,113.15299987792967,119.52999877929688,206.5800018310547
2025-12-11,278.0599975585937,123.29000091552734,221.4499969482422,134.39999389648438,406.9800109863281,54.57989883422852,74.97000122070312,51.20000076293945,378.5499877929688,96.72000122070312,150.72999572753906,350.3500061035156,288.4599914550781,357.5199890136719,317.4649963378906,69.12000274658203,1009.1400146484376,168.61000061035156,180.9355010986328,149.10000610351562,34.02000045776367,49.709999084472656,304.8699951171875,336.739990234375,53.59999847412109,178.6699981689453,174.63999938964844,92.62000274658205,115.54499816894533,119.5500030517578,210.08999633789065
2025-12-12,278.3699951171875,125.45999908447266,210.8000030517578,124.7699966430664,359.8999938964844,55.15499877929688,73.43000030517578,52.43000030517578,352.1000061035156,95.54499816894533,149.97999572753906,331.94000244140625,299.92999267578125,359.6300048828125,318.6099853515625,70.54000091552734,,168.86000061035156,174.99000549316406,150.64999389648438,32.33000183105469,49.90999984741211,292.1400146484375,341.82000732421875,53.435001373291016,161.22999572753906,170.10000610351562,92.7782974243164,116.6999969482422,118.81999969482422,211.6100006103516
2025-12-15,,128.50999450683594,207.5800018310547,125.88999938964844,339.8500061035156,,72.87999725341797,54.29499816894531,357.1300048828125,94.36000061035156,149.83999633789062,,300.9800109863281,356.989990234375,,70.9749984741211,1062.0899658203125,165.64999389648438,176.22999572753906,151.21499633789062,31.3700008392334,49.7599983215332,287.75,341.04998779296875,53.71500015258789,161.61000061035156,,,116.8000030517578,117.73999786376952,214.25999450683597
2025-12-16,,126.86000061035156,209.0399932861328,126.11000061035156,341.0400085449219,54.77999877929688,72.61000061035156,,365.6700134277344,90.77999877929688,146.72500610351562,329.9100036621094,298.67999267578125,352.6700134277344,315.5299987792969,70.37999725341797,1054.0999755859375,163.19000244140625,177.50999450683594,150.3300018310547,31.655000686645508,49.70000076293945,286.9200134277344,334.0599975585937,53.470001220703125,160.57000732421875,173.42999267578125,92.18499755859376,115.37999725341795,114.66000366210938,
2025-12-17,271.8599853515625,126.69499969482422,,122.37000274658205,326.1300048828125,54.52999877929688,71.44999694824219,53.584999084472656,340.9700012207031,94.98999786376952,,315.8099975585937,292.1300048828125,356.760009765625,314.9949951171875,70.66500091552734,1041.6099853515625,162.16000366210938,170.9199981689453,150.08999633789062,29.850000381469727,50.150001525878906,276.94000244140625,331.5,53.7599983215332,149.77000427246094,160.1300048828125,92.58999633789062,115.66999816894533,117.4250030517578,210.38999938964844
2025-12-18,272.1600036621094,125.0999984741211,200.97999572753903,124.5999984741211,329.70001220703125,54.22999954223633,71.76000213623047,,361.0950012207031,92.2300033569336,147.6999969482422,316.0,301.69000244140625,355.0299987792969,313.010009765625,,1056.8699951171875,161.77000427246094,174.00999450683594,149.33999633789062,29.3799991607666,49.935001373291016,284.8099975585937,327.9700012207031,53.869998931884766,154.35000610351562,166.1699981689453,91.49500274658205,114.83999633789062,116.55999755859376,208.30999755859372
2025-12-19,273.6700134277344,125.4250030517578,213.5,131.16000366210938,340.5050048828125,55.2400016784668,,54.19499969482422,355.2799987792969,91.91500091552734,147.6999969482422,317.6499938964844,307.1499938964844,345.0740051269531,317.1099853515625,70.08999633789062,1070.550048828125,161.92999267578125,180.9900054931641,148.17999267578125,31.13999938964844,50.08000183105469,288.8699951171875,327.4100036621094,54.15499877929688,159.81500244140625,162.97000122070312,92.98999786376952,114.4499969482422,116.66000366210938,206.42999267578125
2025-12-22,270.82000732421875,125.19000244140624,215.0,130.7100067138672,341.3900146484375,55.84999847412109,,54.63999938964844,357.6400146484375,93.30999755859376,149.75999450683594,320.3399963378906,314.70001220703125,346.489990234375,323.1300048828125,70.19499969482422,1076.1099853515625,159.98500061035156,183.6100006103516,147.05999755859375,31.06999969482422,50.560001373291016,293.2200012207031,325.1300048828125,54.8650016784668,166.2899932861328,161.50999450683594,94.26499938964844,112.56999969482422,118.11000061035156,207.2700042724609
2025-12-23,272.239990234375,124.5500030517578,214.8699951171875,131.30999755859375,349.33599853515625,55.959999084472656,69.56500244140625,54.27000045776367,361.3900146484375,92.75,150.5,322.7749938964844,315.5899963378906,344.9800109863281,325.8399963378906,69.8550033569336,1071.0400390625,160.14999389648438,189.2100067138672,143.67999267578125,30.768999099731445,50.494998931884766,297.0400085449219,324.6600036621094,54.4900016784668,166.25999450683594,161.63999938964844,94.44499969482422,110.86000061035156,119.37999725341795,205.7400054931641
2025-12-26,273.25,124.8499984741211,214.8999938964844,131.85000610351562,352.17999267578125,56.18999862670898,69.61900329589844,54.665000915527344,360.3949890136719,91.54000091552734,150.05499267578125,322.2799987792969,315.2099914550781,349.82501220703125,327.94000244140625,69.87999725341797,1077.52001953125,162.0850067138672,190.5399932861328,143.77099609375,30.6200008392334,50.6150016784668,302.9599914550781,331.8699951171875,54.9900016784668,167.61000061035156,161.67999267578125,95.2750015258789,111.73999786376952,119.11499786376952,207.6300048828125
2025-12-29,273.79901123046875,124.61000061035156,215.6499938964844,134.17999267578125,349.2699890136719,55.34999847412109,67.83000183105469,54.119998931884766,,,151.00999450683594,321.45001220703125,311.5799865722656,347.4200134277344,323.760009765625,70.15499877929688,1079.47998046875,161.74000549316406,188.22999572753903,144.22999572753906,30.07999992370605,50.0099983215332,301.0,328.9100036621094,54.505001068115234,165.6300048828125,161.82000732421875,94.54499816894533,112.5500030517578,120.5500030517578,207.6000061035156
2025-12-30,272.989990234375,125.81500244140624,215.32000732421875,132.4499969482422,349.9200134277344,55.27999877929688,67.87999725341797,54.22499847412109,356.82000732421875,94.1500015258789,152.3300018310547,320.8800048828125,311.8299865722656,346.4100036621094,,70.0999984741211,1080.050048828125,161.19000244140625,187.5500030517578,144.1300048828125,29.63999938964844,49.58000183105469,299.7699890136719,332.20001220703125,54.3125,164.3300018310547,162.63999938964844,94.3550033569336,111.91000366210938,,206.94000244140625
2025-12-31,271.8399963378906,125.27999877929688,214.17999267578125,130.99000549316406,346.0899963378906,,66.93000030517578,53.95000076293945,353.2699890136719,93.5999984741211,152.39999389648438,318.489990234375,308.0400085449219,344.1300048828125,322.32000732421875,69.93000030517578,1075.050048828125,160.11000061035156,186.4900054931641,143.5,29.25,49.220001220703125,303.864990234375,330.1849975585937,53.3650016784668,161.94000244140625,161.33999633789062,93.2249984741211,111.4000015258789,120.33499908447266,206.97999572753903
2026-01-02,270.9800109863281,124.19000244140624,223.44000244140625,133.61000061035156,347.5899963378906,55.96500015258789,69.18000030517578,53.47999954223633,366.1799926757813,96.6999969482422,155.8699951171875,327.260009765625,320.75,345.79998779296875,325.44000244140625,69.11000061035156,1080.3499755859375,161.80999755859375,188.80990600585935,142.24000549316406,30.9689998626709,49.7400016784668,319.6600036621094,336.3900146484375,53.91999816894531,175.57000732421875,165.22999572753906,95.19499969482422,112.75,122.63999938964844,207.3699951171875
2026-01-05,267.260009765625,126.47000122070312,221.05999755859372,137.1750030517578,343.3599853515625,56.88999938964844,70.05999755859375,53.060001373291016,355.0,99.26000213623048,164.02999877929688,322.260009765625,324.3500061035156,344.1400146484375,334.07000732421875,67.97000122070312,1041.5,163.58999633789062,188.1100006103516,139.91000366210938,30.075000762939453,50.5,322.2749938964844,342.1000061035156,55.5,174.0500030517578,163.00999450683594,96.41000366210938,112.6999969482422,125.39299774169922,204.30999755859372
2026-01-06,262.42498779296875,127.80500030517578,214.6100006103516,,343.739990234375,57.23500061035156,72.16999816894531,54.43999862670898,,97.04000091552734,156.65499877929688,333.0400085449219,327.57000732421875,349.2900085449219,334.69000244140625,,1063.949951171875,166.13999938964844,187.25,139.0,30.49860000610352,51.18999862670898,327.3900146484375,349.010009765625,56.07500076293945,174.92999267578125,169.52000427246094,96.3000030517578,114.37999725341795,121.12000274658205,204.78500366210935
2026-01-07,260.3599853515625,127.03500366210938,210.0,130.0399932861328,343.5,55.63999938964844,,56.720001220703125,,93.9800033569336,155.1929931640625,322.6000061035156,323.6050109863281,349.19000244140625,327.0199890136719,67.52999877929688,1108.1099853515625,162.88999938964844,189.2400054931641,137.0,30.01000022888184,50.58000183105469,318.7699890136719,341.7900085449219,54.875,171.50999450683594,154.60000610351562,94.27999877929688,112.72000122070312,118.49500274658205,207.47999572753903
2026-01-08,259.0599975585937,126.18000030517578,,123.69000244140624,332.4100036621094,56.14500045776367,71.80500030517578,55.90999984741211,,98.7300033569336,159.27000427246094,320.5799865722656,314.3999938964844,359.5199890136719,329.80499267578125,69.36499786376953,1084.6600341796875,165.24000549316406,185.1300048828125,139.375,29.876100540161133,50.94499969482422,318.07000732421875,346.7900085449219,55.52999877929688,160.8000030517578,150.60000610351562,95.58499908447266,113.06500244140624,122.91000366210938,
2026-01-09,,125.91000366210938,,122.88500213623048,344.9700012207031,55.810001373291016,70.58999633789062,55.8650016784668,342.5,97.5,162.13999938964844,324.5199890136719,321.6499938964844,,329.2200012207031,70.52999877929688,1063.5699462890625,165.17999267578125,184.8500061035156,139.8800048828125,30.1299991607666,50.6150016784668,323.6300048828125,344.07000732421875,55.220001220703125,163.61000061035156,166.40499877929688,95.94000244140624,114.52999877929688,124.61000061035156,204.3699951171875
2026-01-12,260.2099914550781,124.62999725341795,207.6699981689453,123.41000366210938,352.2300109863281,55.16999816894531,67.16999816894531,55.78499984741211,335.8099975585937,95.4749984741211,162.33999633789062,329.04998779296875,324.1400146484375,374.9100036621094,324.4150085449219,70.4749984741211,1080.75,167.94000244140625,184.8999938964844,141.35000610351562,30.1299991607666,50.14419937133789,331.7900085449219,340.44000244140625,54.3849983215332,169.99000549316406,172.55079650878906,94.98500061035156,117.97000122070312,123.98999786376952,209.7400054931641
2026-01-13,261.04998779296875,124.25499725341795,221.0200042724609,129.92999267578125,354.5450134277344,54.38999938964844,67.48500061035156,55.93999862670898,333.6099853515625,96.44000244140624,163.86000061035156,332.3699951171875,327.2200012207031,379.8049926757813,310.7799987792969,,1076.6500244140625,,185.82000732421875,143.4499969482422,28.61000061035156,,,,,,,,,126.48999786376952,213.6699981689453
2026-01-14,,125.01000213623048,223.52999877929688,125.06999969482422,339.8900146484375,52.5099983215332,66.69000244140625,57.02000045776367,330.1600036621094,,167.32000732421875,331.2200012207031,318.9800109863281,375.9800109863281,,71.43000030517578,,169.97999572753906,183.1699981689453,145.92999267578125,28.280000686645508,49.84000015258789,327.1300048828125,334.95001220703125,53.52000045776367,170.93499755859375,169.0,89.25,120.05999755859376,,218.58999633789065
2026-01-15,258.3299865722656,123.51000213623048,227.8999938964844,130.6300048828125,343.0599975585937,52.59000015258789,,56.619998931884766,341.218994140625,98.9499969482422,166.19000244140625,333.45001220703125,,379.1700134277344,309.3599853515625,70.47000122070312,1032.9300537109375,171.05999755859375,187.13999938964844,146.5500030517578,29.420000076293945,50.29999923706055,341.75,339.0199890136719,53.959999084472656,172.63999938964844,180.2100067138672,88.94499969482422,119.23999786376952,129.13999938964844,
2026-01-16,255.47999572753903,121.7300033569336,231.8000030517578,129.80999755859375,351.7699890136719,52.959999084472656,67.76000213623047,55.275001525878906,307.8900146484375,98.18000030517578,166.27999877929688,343.8299865722656,325.1499938964844,380.1900024414063,312.44000244140625,70.42500305175781,1038.93994140625,167.6999969482422,186.22999572753903,146.30999755859375,32.650001525878906,49.9900016784668,342.3999938964844,331.0474853515625,54.415000915527344,176.92999267578125,166.6699981689453,88.37000274658203,120.0,129.8800048828125,218.67999267578125
2026-01-20,246.67999267578125,121.13999938964844,231.94000244140625,127.5199966430664,332.6000061035156,52.10499954223633,65.81999969482422,54.22999954223633,,95.5,165.30999755859375,337.6300048828125,311.8999938964844,375.2300109863281,302.8299865722656,71.7699966430664,1041.8699951171875,156.08999633789062,178.2100067138672,147.66000366210938,31.420000076293945,49.16999816894531,327.1199951171875,338.5,54.380001068115234,175.22000122070312,156.80999755859375,86.6500015258789,118.75,130.47999572753906,218.2899932861328
2026-01-21,247.6300048828125,120.80500030517578,249.66000366210935,127.26000213623048,328.7699890136719,52.09999847412109,66.55000305175781,54.48500061035156,294.29998779296875,97.13999938964844,166.6999969482422,337.9800109863281,318.57000732421875,384.6900024414063,302.04998779296875,72.01499938964844,1079.3199462890625,,183.33999633789065,146.72999572753906,32.2599983215332,,,,,,,,,133.6300048828125,218.0800018310547
2026-01-22,248.33999633789065,108.5,253.72999572753903,,325.489990234375,52.42499923706055,67.01000213623047,54.84999847412109,,96.79499816894533,166.38999938964844,334.0400085449219,295.0,381.1199951171875,303.6300048828125,71.8949966430664,1087.8499755859375,160.3350067138672,184.8300018310547,144.3800048828125,32.459999084472656,50.290000915527344,327.3500061035156,354.7749938964844,56.18000030517578,181.0,160.66000366210938,88.04000091552734,117.8550033569336,133.65499877929688,218.58999633789065
2026-01-23,247.97000122070312,107.41000366210938,259.6000061035156,136.3300018310547,320.0400085449219,51.71730041503906,,54.63999938964844,289.0599975585937,98.3499984741211,,331.1700134277344,293.79998779296875,,297.7099914550781,72.875,1064.31005859375,162.6999969482422,187.6699981689453,144.57000732421875,,49.56499862670898,334.8699951171875,356.29998779296875,55.47499847412109,182.5800018310547,160.13999938964844,86.95999908447266,117.76000213623048,134.9600067138672,220.16000366210935
2026-01-26,255.4199981689453,108.77999877929688,251.32000732421875,143.72000122070312,324.8599853515625,52.02999877929688,66.73999786376953,54.59000015258789,,98.43000030517578,167.4250030517578,332.17999267578125,295.0799865722656,386.4599914550781,301.0299987792969,72.58000183105469,1063.0699462890625,,186.38999938964844,145.8699951171875,30.780000686645508,,,,,,,,,134.85499572753906,221.3999938964844
2026-01-27,258.2799987792969,108.22000122070312,252.0399932861328,146.67999267578125,332.8099975585937,52.15999984741211,65.73999786376953,55.540000915527344,,99.86000061035156,169.0399932861328,,297.4800109863281,,300.29998779296875,73.54499816894531,1038.469970703125,,188.5399932861328,148.77000427246094,31.200000762939453,,,,,,,,,136.82000732421875,224.4499969482422
2026-01-28,256.44000244140625,106.05500030517578,252.7400054931641,,333.2950134277344,51.790000915527344,65.56999969482422,54.630001068115234,,101.38999938964844,169.91000366210938,347.2799987792969,292.45001220703125,375.2900085449219,300.69500732421875,73.05000305175781,1023.75,155.94000244140625,191.5399932861328,148.47999572753906,31.209999084472656,50.31999969482422,342.20001220703125,294.0299987792969,55.7400016784668,193.75999450683597,165.58999633789062,88.02999877929688,116.56999969482422,137.5800018310547,227.75
2026-01-29,258.17498779296875,106.03500366210938,252.08999633789065,,330.75,53.040000915527344,65.15499877929688,54.27999877929688,,102.79000091552734,171.13999938964844,,,,,73.41000366210938,,156.32000732421875,192.42999267578125,148.66000366210938,30.125,51.28499984741211,339.5599975585937,292.2200012207031,56.33000183105469,195.07000732421875,162.5399932861328,90.5749969482422,117.37999725341795,,
2026-01-30,259.4800109863281,109.3249969482422,236.77999877929688,,331.4200134277344,,65.12999725341797,55.04999923706055,,104.2300033569336,177.00999450683594,351.5199890136719,306.7900085449219,374.5899963378906,305.8900146484375,74.8499984741211,,153.1199951171875,191.28500366210935,153.66000366210938,29.13999938964844,51.435001373291016,330.6400146484375,287.04998779296875,56.09999847412109,186.1300048828125,158.3350067138672,90.52999877929688,119.18000030517578,141.60000610351562,227.25
2026-02-02,269.9599914550781,109.41000366210938,246.27999877929688,138.33999633789062,331.1099853515625,54.005001068115234,65.9000015258789,55.8849983215332,,101.83000183105467,174.1300048828125,359.4949951171875,,378.1000061035156,308.1700134277344,75.3499984741211,1043.0899658203125,153.38999938964844,185.69000244140625,155.16000366210938,29.725000381469727,52.65499877929688,341.3699951171875,285.7699890136719,57.36000061035156,189.97000122070312,154.25,92.29499816894533,124.05999755859376,138.35000610351562,230.75999450683597
2026-02-03,269.4599914550781,,242.19000244140625,,320.3599853515625,,,,,,,362.3399963378906,309.8099975585937,381.0799865722656,314.7699890136719,,,155.6750030517578,180.3300018310547,162.88499450683594,29.752500534057617,54.02000045776367,335.760009765625,284.07000732421875,58.70000076293945,190.07000732421875,153.02000427246094,92.30999755859376,127.73999786376952,143.7100067138672,233.07000732421875
2026-02-04,276.4599914550781,108.16999816894533,200.4600067138672,130.30999755859375,307.8500061035156,55.40999984741211,68.51000213623047,57.6349983215332,,,181.2100067138672,364.9100036621094,308.3349914550781,387.1700134277344,317.2300109863281,77.30999755859375,1107.31005859375,,174.1999969482422,166.24000549316406,33.72999954223633,,,,,,,,,147.55999755859375,234.44000244140625
2026-02-05,275.9200134277344,109.08999633789062,192.4900054931641,,310.4800109863281,54.915000915527344,68.1500015258789,59.470001220703125,,104.93000030517578,179.19000244140625,354.6499938964844,,382.3500061035156,310.1300048828125,78.50499725341797,1019.97998046875,,171.82000732421875,167.5,30.850000381469727,,,,,,,,,145.97999572753906,237.7400054931641
2026-02-06,278.0799865722656,110.83999633789062,208.32000732421875,137.49000549316406,332.9200134277344,56.54499816894531,70.41000366210938,61.93999862670898,,107.61000061035156,180.72999572753903,373.6900024414063,320.8349914550781,385.25,,79.03990173339844,1057.8900146484375,172.59500122070312,185.41000366210935,170.47000122070312,34.345001220703125,55.79999923706055,348.8399963378906,276.4800109863281,60.70000076293945,195.6199951171875,149.6699981689453,93.93000030517578,131.19000244140625,149.02999877929688,240.00999450683597
2026-02-09,274.5400085449219,,215.8000030517578,,343.7699890136719,,,,272.1600036621094,,,376.9299926757813,,380.9500122070313,322.0400085449219,,1044.3399658203125,,189.7899932861328,166.47999572753906,,,,,,,,,,151.1300048828125,238.55999755859372
2026-02-10,273.7900085449219,,213.6199951171875,,340.42498779296875,,,,271.19000244140625,,,377.489990234375,316.2749938964844,389.6199951171875,318.0899963378906,,1024.800048828125,,188.6100006103516,166.96499633789062,,,,,,,,,,151.55999755859375,238.3000030517578
2026-02-11,,,213.4900054931641,140.6999969482422,342.5799865722656,53.83000183105469,67.05000305175781,59.915000915527344,,111.19000244140624,,396.1000061035156,313.7799987792969,390.55999755859375,310.7900085449219,78.5999984741211,1014.6400146484376,,190.02999877929688,169.14999389648438,32.04999923706055,,,,,,,,,155.55499267578125,240.8300018310547
2026-02-12,261.5899963378906,,205.9199981689453,,331.04998779296875,,,,,,,,312.8599853515625,390.2200012207031,302.5799865722656,,,,186.91000366210935,167.24000549316406,,,,,,,,,,149.9199981689453,244.5500030517578
2026-02-13,255.82000732421875,112.61000061035156,207.3000030517578,141.52000427246094,325.1099853515625,52.525001525878906,65.80999755859375,60.720001220703125,,111.44000244140624,183.69500732421875,389.1799926757813,315.3399963378906,391.05999755859375,,78.66000366210938,1040.4100341796875,171.80999755859375,182.78500366210935,165.92999267578125,30.559999465942383,51.88999938964844,366.2200012207031,293.17999267578125,57.685001373291016,234.6300048828125,171.49000549316406,86.94499969482422,133.89999389648438,148.41000366210938,243.42999267578125
2026-02-17,263.75,112.27999877929688,203.0449981689453,142.60000610351562,332.6199951171875,52.75,,60.35499954223633,,108.81999969482422,,391.5700073242188,327.0863952636719,383.1000061035156,307.20001220703125,79.59500122070312,1036.43994140625,,184.97999572753903,161.8800048828125,30.1200008392334,,,,,,,,,146.2100067138672,243.38999938964844
2026-02-18,264.32000732421875,,200.1100006103516,,333.4800109863281,,,,,,,380.3399963378906,329.45001220703125,383.3999938964844,308.7699890136719,,1020.1599731445312,,187.88999938964844,164.375,,,,,,,,,,150.63999938964844,244.92999267578125
2026-02-19,260.510009765625,112.19000244140624,203.3500061035156,,,52.76499938964844,66.29000091552734,,,111.59500122070312,184.91000366210935,,334.6700134277344,378.5299987792969,308.0799865722656,,1023.260009765625,,187.88999938964844,164.60000610351562,32.16999816894531,,,,,,,,,150.94000244140625,246.8999938964844
2026-02-20,264.5899963378906,112.20999908447266,200.1199951171875,132.7899932861328,332.5899963378906,53.08000183105469,,,,110.54499816894533,183.9250030517578,,343.2099914550781,382.2799987792969,310.8699951171875,79.83999633789062,1010.1599731445312,167.0800018310547,189.8300018310547,164.94000244140625,,52.33000183105469,370.5249938964844,290.0899963378906,58.67499923706055,243.8800048828125,171.3800048828125,88.69999694824219,123.00499725341795,147.3000030517578,242.50999450683597
2026-02-23,266.3900146484375,,196.58999633789065,,330.3900146484375,,,,,,,362.1499938964844,339.0199890136719,377.0,297.7200012207031,,1058.510009765625,,191.6100006103516,168.3300018310547,,,,,,,,,,150.8300018310547,245.83999633789065
2026-02-24,272.1700134277344,114.56999969482422,213.72999572753903,128.72000122070312,325.44000244140625,50.40499877929688,62.73500061035156,61.59999847412109,,110.62000274658205,185.35499572753903,374.5299987792969,,384.4800109863281,,80.72000122070312,1042.5999755859375,,192.8699951171875,169.5469970703125,31.1299991607666,,,,,,,,,149.3000030517578,246.27999877929688
2026-02-25,274.17999267578125,,210.8600006103516,,332.3099975585937,,,,,,,373.5299987792969,342.8900146484375,375.5700073242188,303.3599853515625,,1029.5400390625,,195.8800048828125,169.19000244140625,,,,,,,,,,149.05999755859375,245.17999267578125
2026-02-26,272.989990234375,,203.6699981689453,,321.70001220703125,,,,,,,374.6099853515625,,,306.1199951171875,,1022.1099853515624,,184.8999938964844,167.55999755859375,,,,,,,,,,,243.47999572753903
2026-02-27,264.1700134277344,116.30999755859376,200.19000244140625,133.46499633789062,319.6199951171875,49.80500030517578,61.97999954223633,62.36000061035156,,113.45500183105467,186.75,,342.0299987792969,380.6700134277344,299.9200134277344,81.55000305175781,1051.7099609375,165.27000427246094,177.16000366210938,169.72999572753906,32.3849983215332,49.33000183105469,374.5799865722656,293.32501220703125,54.6349983215332,254.7899932861328,173.8300018310547,81.42500305175781,127.91000366210938,152.59500122070312,
2026-03-02,264.6000061035156,,,,318.6499938964844,,,,,,,377.3900146484375,345.6300048828125,370.6600036621094,297.5400085449219,,1017.6599731445312,,182.3600006103516,167.24000549316406,,,,,,,,,,154.19000244140625,248.47000122070312
2026-03-03,263.6889953613281,,190.97000122070312,,,,,,,,,354.6600036621094,334.6000061035156,366.1675109863281,300.385009765625,,1005.2999877929688,158.52000427246094,180.0800018310547,164.89999389648438,,49.310001373291016,353.3900146484375,289.1700134277344,53.98500061035156,244.5800018310547,161.69000244140625,82.52999877929688,127.9000015258789,151.3000030517578,246.82000732421875
2026-03-04,262.45001220703125,,202.05999755859372,,316.9700012207031,,,,,,,354.45001220703125,339.739990234375,369.0700073242188,299.2099914550781,,1003.3200073242188,,182.91000366210935,163.89999389648438,,,,,,,,,,149.77999877929688,245.19000244140625
2026-03-05,260.260009765625,,199.4600067138672,,332.625,,,,,,,354.6300048828125,326.9599914550781,361.6400146484375,293.45001220703125,,982.9099731445312,156.1999969482422,183.3300018310547,160.6999969482422,,48.46500015258789,353.8800048828125,288.6499938964844,53.880001068115234,249.6999969482422,167.38999938964844,82.11000061035156,123.31999969482422,150.74000549316406,
2026-03-06,257.44000244140625,109.0,,132.8699951171875,330.4200134277344,48.61000061035156,66.66000366210938,60.275001525878906,,117.06999969482422,189.8800048828125,347.79998779296875,323.07000732421875,357.94000244140625,289.3599853515625,77.05000305175781,989.8400268554688,153.41000366210938,177.69000244140625,159.41000366210938,31.31999969482422,46.47999954223633,338.8599853515625,286.4700012207031,52.36000061035156,241.7449951171875,158.5800018310547,80.4000015258789,123.77999877929688,151.13999938964844,240.38999938964844
2026-03-09,259.8900146484375,,202.72999572753903,,,,,,,,,353.9599914550781,321.8999938964844,353.5799865722656,289.9100036621094,,1008.4099731445312,151.63499450683594,182.67999267578125,161.52999877929688,,46.7599983215332,348.739990234375,285.0400085449219,52.130001068115234,264.739990234375,163.63999938964844,78.84500122070312,124.31999969482422,150.4250030517578,242.58999633789065
2026-03-10,260.7200012207031,,203.2400054931641,,342.6000061035156,,,,,,,361.0700073242188,326.625,357.1700134277344,288.70001220703125,,1001.3300170898438,,184.75999450683597,160.77999877929688,,,,,,,,,,148.125,243.6999969482422
2026-03-11,260.8099975585937,,204.75,,341.4800109863281,,,,,,,,325.1199951171875,,287.4200134277344,,999.6099853515624,,186.00999450683597,160.14999389648438,,,,,,,,,,151.5449981689453,
2026-03-12,255.75,,197.82000732421875,,335.9100036621094,,,,,,,348.7300109863281,306.6099853515625,,282.8800048828125,,,,183.00999450683597,158.8800048828125,,,,,,,,,,153.52000427246094,242.05999755859372
2026-03-13,,,193.44000244140625,,322.1700134277344,,,,,,,355.3299865722656,299.7300109863281,339.07000732421875,283.44000244140625,,985.510009765625,150.97000122070312,180.26499938964844,159.9199981689453,,43.84000015258789,338.4100036621094,282.0400085449219,51.02000045776367,258.8999938964844,158.91000366210938,74.11499786376953,126.54000091552734,156.13999938964844,241.55999755859372
2026-03-16,252.77999877929688,,196.6000061035156,,324.9100036621094,,,,,,,361.0400085449219,304.010009765625,342.5799865722656,286.1199951171875,,,,183.1300048828125,157.6999969482422,,,,,,,,,,,243.19000244140625
2026-03-17,,,,,,,,,307.69000244140625,,,363.9700012207031,302.1000061035156,341.54998779296875,286.8900146484375,,930.510009765625,,181.9600067138672,156.5,,,,,,,,,,158.82000732421875,238.1100006103516
2026-03-18,,,,,,,,,317.2200012207031,,,360.4599914550781,300.9599914550781,330.92999267578125,287.75,,918.02001953125,,180.3500061035156,153.5500030517578,,,,,,,,,,157.5800018310547,237.2700042724609
2026-03-19,248.9069976806641,,205.22999572753903,,319.7699890136719,,,,,,,360.1600036621094,291.6000061035156,328.27099609375,,,917.5700073242188,,178.5,152.72000122070312,,,,,,,,,,,
2026-03-20,248.19000244140625,,201.47000122070312,,310.7699890136719,,,,,,,356.8599853515625,286.54998779296875,320.9100036621094,286.739990234375,,906.6400146484376,141.13999938964844,173.0,150.11000061035156,,44.165000915527344,329.2200012207031,276.1499938964844,51.244998931884766,255.63999938964844,146.22999572753906,77.69999694824219,119.02999877929688,159.74000549316406,235.6100006103516
2026-03-23,251.44000244140625,,202.6199951171875,,322.42999267578125,,,,,,,359.80499267578125,291.67999267578125,,289.9100036621094,,910.77001953125,,175.50999450683594,150.83999633789062,,,,,,,,,,161.1199951171875,235.4199981689453
2026-03-24,251.75,,205.38499450683597,,318.260009765625,,,,,,,374.0700073242188,290.5799865722656,330.9200134277344,292.45001220703125,,902.77001953125,,175.30999755859375,150.63999938964844,,,,,,,,,,,235.2700042724609
2026-03-25,,104.83000183105467,,135.02000427246094,,48.775001525878906,,58.96500015258789,303.3699951171875,,,375.1400146484375,,,295.4700012207031,,916.4199829101562,,178.6699981689453,151.72999572753906,,,,,,,,,,163.25999450683594,239.9900054931641
2026-03-26,,104.55999755859376,,122.61000061035156,,48.2400016784668,63.209999084472656,59.40499877929688,295.1600036621094,133.24000549316406,207.77999877929688,,,,,74.69999694824219,,144.0399932861328,171.22999572753906,150.7899932861328,,44.95500183105469,326.1217956542969,267.7099914550781,51.59999847412109,252.5800018310547,152.3000030517578,79.01000213623047,122.19000244140624,,
2026-03-27,248.6199951171875,,201.97000122070312,,300.7799987792969,,,,,,,357.19000244140625,,321.5199890136719,282.739990234375,,,,167.4600067138672,153.00999450683594,,,,,,,,,,170.91000366210938,240.38999938964844
2026-03-30,,101.88500213623048,,116.12999725341795,,47.220001220703125,63.91999816894531,59.76499938964844,298.57000732421875,132.91000366210938,210.72999572753903,,,,,76.2699966430664,,142.47000122070312,165.05999755859375,156.8300018310547,,44.6150016784668,316.5400085449219,261.8500061035156,50.880001068115234,234.08999633789065,147.5500030517578,76.80999755859375,123.5,,
2026-03-31,253.7899932861328,102.56999969482422,203.33999633789065,122.83000183105467,309.4200134277344,,,60.65499877929688,,131.97999572753906,206.8699951171875,,283.7099914550781,328.7300109863281,,76.05999755859375,920.0800170898438,,174.3800048828125,155.2790069580078,,,,,,,,,,169.64999389648438,244.38999938964844
2026-04-01,,102.37999725341795,210.19000244140625,124.86000061035156,313.4599914550781,49.27000045776367,64.33999633789062,61.7599983215332,279.4599914550781,128.375,197.3800048828125,365.5400085449219,,329.57000732421875,295.3699951171875,76.11000061035156,954.8400268554688,,175.8000030517578,154.64999389648438,,,,,,,,,,160.77999877929688,244.19000244140625
2026-04-02,255.88999938964844,102.87000274658205,217.55999755859372,126.68000030517578,314.5599975585937,49.3650016784668,64.5,59.59000015258789,272.82000732421875,130.4949951171875,,361.2799987792969,281.1300048828125,321.6400146484375,294.7300109863281,76.71499633789062,935.5800170898438,144.47000122070312,177.39999389648438,157.0,,47.15999984741211,338.9800109863281,277.25,52.93999862670898,261.31500244140625,151.1699981689453,80.61000061035156,125.79000091552734,,243.0
2026-04-06,258.8869934082031,102.29000091552734,220.19000244140625,126.2699966430664,314.2909851074219,50.06499862670898,64.20999908447266,59.31999969482422,275.1600036621094,131.6300048828125,198.92999267578125,,,,,,,144.5,177.63999938964844,156.72000122070312,,47.63999938964844,341.7699890136719,281.4200134277344,53.45000076293945,258.7699890136719,151.61000061035156,81.84500122070312,126.8000030517578,,
2026-04-07,,101.81999969482422,,133.58999633789062,,,64.05999755859375,57.68000030517578,272.57000732421875,131.77000427246094,,368.9150085449219,,318.760009765625,297.4200134277344,75.91999816894531,930.9099731445312,,,,22.65999984741211,,,,,,,,,163.8300018310547,238.44000244140625
2026-04-08,,103.62000274658205,,145.0399932861328,,51.89500045776367,64.48999786376953,,284.42999267578125,125.2300033569336,192.88999938964844,,,,,77.31500244140625,,,182.1000061035156,154.7899932861328,,,,,,,,,,,
2026-04-09,260.3900146484375,,236.63999938964844,,354.9100036621094,,,,,,,400.510009765625,312.9849853515625,339.6000061035156,310.3299865722656,,955.1799926757812,,183.8500061035156,157.47000122070312,,,,,,,,,,155.02000427246094,241.27999877929688
2026-04-10,,,245.0200042724609,,371.55999755859375,,,,,,,403.1099853515625,308.3500061035156,337.3099975585937,309.8900146484375,,939.5700073242188,,188.63999938964844,157.0800018310547,,,,,,,,,,152.3000030517578,238.38999938964844
2026-04-13,259.2099914550781,,,,379.6600036621094,,,,,,,403.2300109863281,311.8500061035156,,313.29998779296875,,929.1599731445312,,189.2100067138672,155.8699951171875,,,,,,,,,,152.55999755859375,237.80999755859372
2026-04-14,258.8550109863281,101.06500244140624,255.05999755859372,154.42999267578125,380.7999877929688,53.34999847412109,,58.09999847412109,296.6099853515625,118.77999877929688,,,317.95001220703125,342.7099914550781,311.20001220703125,,,152.5500030517578,196.4900054931641,155.6999969482422,27.21999931335449,49.54999923706055,380.0400085449219,314.2799987792969,56.09999847412109,310.4800109863281,164.0,81.7300033569336,125.0500030517578,149.22000122070312,240.1499938964844
2026-04-15,,101.51000213623048,258.1099853515625,154.27999877929688,396.6099853515625,54.31999969482422,63.400001525878906,57.880001068115234,294.75,118.87000274658205,184.8300018310547,395.0499877929688,313.8699951171875,338.8500061035156,305.8599853515625,75.30999755859375,904.8499755859376,151.1999969482422,198.8677978515625,154.72999572753906,27.295000076293945,49.60499954223633,375.2850036621094,314.1099853515625,56.380001068115234,301.1499938964844,162.97000122070312,80.30000305175781,124.75,,238.6499938964844
2026-04-16,263.3599853515625,95.47000122070312,278.260009765625,,398.3599853515625,53.4900016784668,,58.959999084472656,299.1700134277344,121.54000091552734,188.1499938964844,392.75,298.2300109863281,337.1400146484375,309.8500061035156,75.16500091552734,,150.5500030517578,198.2400054931641,158.3699951171875,28.3799991607666,49.400001525878906,363.2496948242188,316.3900146484375,55.45000076293945,294.0599975585937,165.50999450683594,81.22899627685547,124.81999969482422,151.85000610351562,234.5399932861328
2026-04-17,270.1849975585937,96.83000183105467,278.2799987792969,,406.4500122070313,,65.7300033569336,60.16999816894531,296.1300048828125,,183.97999572753903,406.25,,349.3900146484375,310.239990234375,75.73999786376953,926.72998046875,154.52999877929688,201.6499938964844,157.6699981689453,28.54990005493164,50.54999923706055,370.510009765625,324.510009765625,56.900001525878906,307.260009765625,163.47000122070312,81.38500213623047,127.47000122070312,146.4199981689453,
2026-04-20,272.92999267578125,96.0199966430664,274.9599914550781,166.86000061035156,399.8399963378906,53.93999862670898,66.94999694824219,59.130001068115234,287.5299987792969,116.44000244140624,183.2400054931641,407.80999755859375,303.7699890136719,350.9800109863281,317.0899963378906,75.50499725341797,920.4000244140624,151.41000366210938,202.1100006103516,156.97999572753906,28.81999969482422,50.86000061035156,366.2900085449219,323.510009765625,57.0099983215332,314.5299987792969,159.61000061035156,81.9800033569336,127.94000244140624,147.67999267578125,230.6000061035156
2026-04-21,266.2200012207031,92.74500274658205,284.4200134277344,172.86000061035156,402.25,53.470001220703125,66.59500122070312,59.39300155639648,277.7099914550781,,,409.7000122070313,286.7799987792969,343.92999267578125,313.010009765625,74.70999908447266,903.02001953125,148.4600067138672,199.91000366210935,154.94000244140625,28.40999984741211,51.06999969482422,367.9599914550781,346.0199890136719,56.84999847412109,312.44000244140625,154.89999389648438,81.5250015258789,129.60000610351562,148.3699951171875,226.1499938964844
2026-04-22,,91.7300033569336,303.44000244140625,177.66000366210938,,53.095001220703125,,58.79999923706055,287.0199890136719,,186.32000732421875,413.8699951171875,276.2300109863281,339.4150085449219,,,921.280029296875,145.74000549316406,202.4199981689453,153.77999877929688,29.190000534057617,50.93999862670898,387.510009765625,353.4100036621094,56.595001220703125,305.0199890136719,155.74000549316406,80.56500244140625,129.9600067138672,149.47999572753906,226.0800018310547
2026-04-23,273.44000244140625,92.41999816894533,305.239990234375,,419.9800109863281,,61.4900016784668,59.025001525878906,292.7699890136719,124.37999725341795,187.58999633789065,424.6400146484375,,340.1400146484375,311.70001220703125,76.30500030517578,917.219970703125,144.85000610351562,199.7100067138672,155.6999969482422,26.729999542236328,51.400001525878906,382.4500122070313,354.5199890136719,56.630001068115234,321.79998779296875,156.85000610351562,80.4800033569336,132.02999877929688,150.5399932861328,230.6300048828125
2026-04-24,271.0599975585937,,347.760009765625,176.88999938964844,422.75,52.040000915527344,60.43999862670898,58.709999084472656,313.5199890136719,121.66000366210938,185.1100006103516,423.8900146484375,284.6199951171875,335.9100036621094,308.2900085449219,76.62999725341797,884.27001953125,145.99000549316406,208.19000244140625,155.41000366210938,,50.709999084472656,402.4100036621094,354.8999938964844,55.560001373291016,323.3599853515625,164.36000061035156,79.41000366210938,129.91000366210938,148.86000061035156,227.4550018310547
2026-04-27,267.67999267578125,92.84500122070312,334.4800109863281,172.47999572753906,418.3200073242188,52.63999938964844,59.2599983215332,57.77999877929688,315.1400146484375,,184.8800048828125,416.7900085449219,284.5799865722656,332.260009765625,311.7300109863281,75.44999694824219,868.239990234375,145.75,216.6300048828125,154.10000610351562,27.86000061035156,51.2400016784668,404.9599914550781,354.7300109863281,55.98500061035156,322.6099853515625,166.5800018310547,80.58499908447266,127.56999969482422,148.19000244140625,225.33999633789065
2026-04-28,270.760009765625,,,,399.8299865722656,52.68000030517578,,58.27000045776367,305.70001220703125,124.33000183105467,,413.1600036621094,289.20001220703125,329.0799865722656,311.5199890136719,78.38999938964844,874.4299926757812,146.02499389648438,213.1499938964844,156.27999877929688,27.26000022888184,51.15999984741211,392.1199951171875,366.739990234375,56.22499847412109,305.0299987792969,161.0800018310547,81.5,127.58999633789062,150.60499572753906,227.77999877929688
2026-04-29,270.19000244140625,91.36000061035156,337.07000732421875,168.69000244140625,405.5799865722656,52.88999938964844,58.720001220703125,57.59000015258789,297.0,128.25,192.2100067138672,410.9299926757813,283.6000061035156,322.8099975585937,309.239990234375,78.9000015258789,851.3099975585938,143.88999938964844,209.3000030517578,155.2899932861328,26.30500030517578,50.665000915527344,393.7900085449219,370.7099914550781,56.185001373291016,306.2099914550781,153.7550048828125,81.5199966430664,128.0449981689453,154.6699981689453,227.33999633789065
2026-04-30,271.3599853515625,,354.3500061035156,172.72000122070312,417.4400024414063,53.47999954223633,60.4900016784668,60.560001373291016,313.0,125.79000091552734,193.33999633789065,433.1400146484375,,328.8099975585937,313.2699890136719,78.7699966430664,934.3099975585938,146.5,199.52999877929688,158.4499969482422,27.399999618530277,51.47499847412109,396.0299987792969,370.489990234375,56.68000030517578,328.3299865722656,157.80999755859375,82.26000213623047,131.89999389648438,154.38999938964844,229.8600006103516
2026-05-01,,89.46499633789062,360.5499877929688,172.75999450683594,421.2799987792969,53.22499847412109,60.04499816894531,58.19499969482422,307.8099975585937,123.16999816894533,190.6199951171875,425.4400024414063,286.4800109863281,323.8800048828125,,78.57499694824219,963.7100219726562,142.5050048828125,198.4199981689453,157.41000366210938,27.07999992370605,50.93999862670898,397.839599609375,368.8299865722656,56.29999923706055,328.3299865722656,155.27999877929688,80.80999755859375,131.60000610351562,,227.1999969482422
2026-05-04,276.8399963378906,87.56999969482422,341.489990234375,172.63999938964844,416.4700012207031,52.244998931884766,57.66999816894531,57.380001068115234,,124.93000030517578,192.3500061035156,422.5799865722656,280.4200134277344,312.489990234375,307.70001220703125,78.19000244140625,968.489990234375,141.57000732421875,198.55999755859372,154.58999633789062,27.90999984741211,49.494998931884766,401.6799926757813,370.75,55.25,330.9700012207031,160.88999938964844,79.2249984741211,130.36000061035156,153.77499389648438,224.1999969482422
2026-05-05,284.1700134277344,87.17500305175781,355.32000732421875,170.22000122070312,427.5,53.13999938964844,57.27999877929688,56.935001373291016,320.489990234375,123.3499984741211,192.66000366210935,411.0,286.67999267578125,315.4200134277344,309.4700012207031,78.51000213623047,988.4600219726562,142.8300018310547,196.5,155.0399932861328,27.878999710083008,49.9640007019043,394.3599853515625,363.7850036621094,55.59999847412109,340.9849853515625,160.3800048828125,79.8949966430664,130.80999755859375,154.8800048828125,225.5800018310547
2026-05-06,287.5299987792969,86.25,421.4249877929688,147.0500030517578,425.2799987792969,,58.68000030517578,,322.739990234375,118.87999725341795,,421.2650146484375,305.739990234375,323.0299987792969,314.8800048828125,79.19499969482422,987.0499877929688,146.5399932861328,207.6649932861328,155.91000366210938,34.650001525878906,50.79499816894531,419.4400024414063,367.1000061035156,56.130001068115234,358.8900146484375,158.2100067138672,80.38500213623047,130.05999755859375,148.55999755859375,224.5
2026-05-07,287.4700012207031,87.0199966430664,408.3500061035156,,412.5899963378906,52.75,58.525001525878906,56.244998931884766,311.2900085449219,114.88500213623048,182.5399932861328,399.0899963378906,302.6199951171875,322.6700134277344,306.3800048828125,,975.719970703125,143.75,211.50999450683597,156.25999450683594,33.630001068115234,49.7599983215332,414.25,369.6499938964844,55.310001373291016,340.07000732421875,154.0050048828125,79.16000366210938,130.24000549316406,146.4949951171875,222.5
2026-05-08,293.2799987792969,84.30000305175781,455.0,141.77999877929688,429.8977966308594,51.290000915527344,59.38999938964844,56.16999816894531,303.67999267578125,113.81999969482422,181.4600067138672,401.7099914550781,297.1199951171875,317.4200134277344,302.1700134277344,78.41999816894531,948.3699951171876,143.3000030517578,215.2100067138672,154.58999633789062,35.369998931884766,49.11000061035156,411.5299987792969,379.8200073242188,55.52999877929688,339.92498779296875,147.72999572753906,75.63999938964844,130.3800048828125,144.39999389648438,221.3500061035156
2026-05-11,292.739990234375,82.56999969482422,458.9100036621094,,,50.540000915527344,57.630001068115234,55.66999816894531,299.8699951171875,115.54000091552734,184.7700042724609,419.1400146484375,300.92999267578125,311.3999938964844,299.94000244140625,78.69000244140625,967.1400146484376,143.35000610351562,219.47999572753903,149.39999389648438,33.51499938964844,47.970001220703125,404.4500122070313,384.4400024414063,54.4900016784668,368.010009765625,152.0800018310547,73.58000183105469,127.58499908447266,149.67999267578125,221.44000244140625
2026-05-12,294.8699951171875,84.375,448.2139892578125,142.56500244140625,,50.79999923706055,57.18999862670898,56.45000076293945,293.6099853515625,117.88999938964844,,401.6499938964844,297.5299987792969,,304.989990234375,80.1050033569336,990.0399780273438,143.25999450683594,220.8699951171875,151.8800048828125,32.80500030517578,47.79499816894531,397.2699890136719,396.510009765625,54.47999954223633,367.2300109863281,146.8699951171875,75.19999694824219,130.38999938964844,,224.33999633789065
2026-05-13,298.8800048828125,83.81999969482422,445.3800048828125,140.6300048828125,416.8999938964844,49.84000015258789,55.4900016784668,56.38999938964844,274.8900146484375,117.38999938964844,185.9900054931641,407.0700073242188,294.760009765625,302.6199951171875,300.32000732421875,,1015.9400024414062,147.1199951171875,225.8699951171875,149.25999450683594,31.98500061035156,46.540000915527344,399.6950073242188,401.1099853515625,52.7599983215332,370.0799865722656,142.57000732421875,73.5250015258789,131.47999572753906,151.58999633789062,230.44000244140625
2026-05-14,298.1650085449219,84.8949966430664,449.6300048828125,147.77999877929688,439.4599914550781,49.84999847412109,56.68000030517578,56.78499984741211,275.239990234375,118.9499969482422,186.63999938964844,408.2300109863281,291.5799865722656,304.4200134277344,300.0150146484375,80.4800033569336,1007.7949829101562,145.13999938964844,235.7449951171875,148.66000366210938,33.029998779296875,47.125,417.760009765625,399.125,53.42499923706055,376.1700134277344,141.88999938964844,73.79499816894531,132.44000244140625,152.77499389648438,230.8300018310547
2026-05-15,300.2200012207031,84.4800033569336,423.7300109863281,141.98500061035156,425.75,49.76499938964844,56.29999923706055,57.01499938964844,,122.41000366210938,,399.5700073242188,281.5299987792969,297.5299987792969,,80.82499694824219,1005.2100219726562,146.22000122070312,225.22999572753903,149.1300048828125,31.03499984741211,46.95500183105469,404.4200134277344,393.8200073242188,53.125,370.9500122070313,139.6699981689453,73.41999816894531,131.50999450683594,157.92999267578125,226.7350006103516
2026-05-18,,87.875,421.0199890136719,141.72000122070312,420.6900024414063,50.71500015258789,57.88999938964844,57.31499862670898,262.0799865722656,124.55999755859376,,381.9100036621094,286.0199890136719,300.0400085449219,300.7749938964844,81.22000122070312,988.1900024414062,152.51499938964844,222.3500061035156,149.0500030517578,30.86000061035156,47.04999923706055,396.010009765625,391.1199951171875,53.45000076293945,339.7900085449219,136.75,74.4000015258789,133.36000061035156,160.47999572753906,229.0200042724609
2026-05-19,298.9800109863281,88.83499908447266,414.1099853515625,141.57000732421875,411.1099853515625,50.72499847412109,59.29999923706055,58.31999969482422,,125.12000274658205,197.32000732421875,371.8900146484375,285.3099975585937,302.44000244140625,295.8699951171875,81.93499755859375,1021.4099731445312,149.32000732421875,220.6300048828125,150.3300018310547,30.56999969482422,46.790000915527344,392.6449890136719,389.3399963378906,53.30500030517578,322.4599914550781,134.71380615234375,74.57499694824219,134.1999969482422,162.6199951171875,230.02999877929688
2026-05-20,302.2650146484375,88.37999725341797,447.5799865722656,140.4499969482422,417.5199890136719,51.14500045776367,60.959999084472656,58.52000045776367,281.25,122.33999633789062,191.3600006103516,379.7099914550781,300.17999267578125,310.5950012207031,301.9700012207031,81.55000305175781,1018.469970703125,,223.43499755859372,149.24000549316406,33.459999084472656,,,,,,,,,156.2949981689453,229.33999633789065
2026-05-21,305.0899963378906,87.76000213623047,449.5899963378906,148.55999755859375,414.5299987792969,51.470001220703125,,59.53499984741211,285.7799987792969,120.54000091552734,191.0200042724609,381.5199890136719,301.75,313.8299865722656,302.9599914550781,81.16000366210938,1041.6800537109375,151.60000610351562,219.5,148.8699951171875,33.45000076293945,47.88999938964844,407.1600036621094,382.510009765625,54.55500030517578,323.44000244140625,149.0800018310547,75.9000015258789,121.33000183105467,155.27999877929688,231.72000122070312
2026-05-22,308.8800048828125,87.41000366210938,467.510009765625,154.00999450683594,414.1199951171875,51.79999923706055,61.630001068115234,59.470001220703125,294.0,120.45999908447266,191.42999267578125,391.3900146484375,302.7900085449219,312.9849853515625,306.3699951171875,81.48999786376953,1065.6500244140625,152.4499969482422,215.25,150.55999755859375,35.58000183105469,48.38999938964844,404.3399963378906,388.5799865722656,54.82500076293945,327.4700012207031,156.27000427246094,76.4000015258789,120.26000213623048,154.86500549316406,234.3800048828125
2026-05-26,308.3800048828125,86.66999816894531,503.6199951171875,158.00999450683594,421.7699890136719,52.22999954223633,63.22999954223633,,301.4100036621094,,184.72000122070312,403.30999755859375,314.4700012207031,310.57000732421875,306.82000732421875,,1066.1800537109375,154.0800018310547,214.8300018310547,145.67999267578125,37.084999084472656,48.68000030517578,412.4700012207031,377.0499877929688,55.220001220703125,323.9700012207031,164.55999755859375,77.5250015258789,118.5749969482422,,230.30999755859372
2026-05-27,310.92999267578125,85.68000030517578,,154.36000061035156,421.9400024414063,51.09999847412109,,57.52999877929688,288.67999267578125,115.16999816894533,182.3999938964844,406.4500122070313,317.32000732421875,318.010009765625,299.2699890136719,81.62000274658203,,155.17999267578125,212.5800018310547,147.74000549316406,38.18999862670898,48.45500183105469,422.7200012207031,384.0899963378906,54.685001373291016,319.760009765625,160.16000366210938,76.08999633789062,118.54499816894533,148.0,231.32000732421875
2026-05-28,312.5,86.26499938964844,,155.25999450683594,426.5799865722656,50.83000183105469,74.73999786376953,,286.3800048828125,114.98999786376952,183.1300048828125,401.9599914550781,320.7900085449219,321.239990234375,296.6400146484375,80.44000244140625,1127.4599609375,152.83999633789062,214.3000030517578,146.25,41.310001373291016,47.790000915527344,424.7900085449219,382.4100036621094,54.43999862670898,314.1400146484375,160.26499938964844,76.63999938964844,118.9000015258789,147.0,230.82000732421875
2026-05-29,312.07000732421875,85.58499908447266,516.4000244140625,,447.2099914550781,51.61000061035156,77.93000030517578,57.185001373291016,287.69000244140625,113.98999786376952,182.4600067138672,400.8200073242188,323.875,317.1400146484375,299.3999938964844,79.0199966430664,1105.364990234375,153.1699981689453,211.1499938964844,144.1699981689453,46.09999847412109,48.20000076293945,418.6099853515625,380.2799987792969,54.845001220703125,316.0,160.25,77.55000305175781,115.70999908447266,145.3699951171875,225.2400054931641
2026-06-01,,87.73999786376953,510.0199890136719,170.7100067138672,459.9599914550781,51.51499938964844,74.9800033569336,54.935001373291016,265.69000244140625,115.54000091552734,185.8300018310547,400.1400146484375,324.6700134277344,,296.6849975585937,78.62999725341797,1082.0,150.92999267578125,224.4199981689453,141.5399932861328,46.880001068115234,46.880001068115234,436.0050048828125,379.8399963378906,53.54999923706055,323.3800048828125,154.75,77.20999908447266,114.59500122070312,149.47000122070312,223.5399932861328
2026-06-02,315.19000244140625,86.95500183105469,521.4099731445312,175.2899932861328,481.5400085449219,52.5,72.79000091552734,54.45000076293945,272.6600036621094,116.87000274658205,187.6300048828125,417.7300109863281,317.7300109863281,311.5799865722656,300.989990234375,78.43499755859375,1064.6300048828125,152.91000366210938,222.82000732421875,141.97000122070312,50.16999816894531,48.1150016784668,446.7000122070313,377.9400024414063,54.6150016784668,334.4800109863281,157.97000122070312,79.43499755859375,113.03500366210938,149.64999389648438,222.9199981689453
2026-06-03,310.3800048828125,87.0199966430664,542.4338989257812,174.4600067138672,478.0700073242188,52.41999816894531,71.73999786376953,54.7400016784668,267.29998779296875,119.09500122070312,189.82000732421875,,315.010009765625,313.0199890136719,,,,151.66000366210938,214.8350067138672,142.57000732421875,47.41999816894531,47.43000030517578,437.1000061035156,377.0,53.14500045776367,331.56500244140625,153.8300018310547,78.69499969482422,116.91999816894533,152.7100067138672,223.57000732421875
2026-06-04,311.1600036621094,90.72000122070312,523.1900024414062,166.08999633789062,,54.11000061035156,,,264.7300109863281,119.2300033569336,188.33999633789065,,,310.010009765625,310.8900146484375,76.83999633789062,1125.3800048828125,152.8000030517578,218.71499633789065,142.14999389648438,46.88999938964844,49.17499923706055,444.8999938964844,396.55999755859375,55.459999084472656,323.9200134277344,153.66000366210938,81.6050033569336,117.75499725341795,152.08999633789062,228.22000122070312
2026-06-05,307.3900146484375,91.06500244140624,466.3760986328125,,385.7300109863281,53.83000183105469,71.53500366210938,57.275001525878906,254.88999938964844,117.1449966430664,187.3699951171875,395.9450073242188,328.0799865722656,310.7799987792969,,79.5,1132.530029296875,153.74000549316406,205.10499572753903,141.86000061035156,41.630001068115234,49.20000076293945,415.2300109863281,399.6000061035156,55.68999862670898,300.4200134277344,148.7449951171875,81.96499633789062,118.9000015258789,150.02000427246094,232.8000030517578
2026-06-08,301.57000732421875,90.43000030517578,490.1199951171875,156.375,396.7049865722656,53.60499954223633,74.13999938964844,55.56999969482422,250.63499450683597,118.9000015258789,189.22000122070312,403.2699890136719,322.07000732421875,309.7799987792969,311.1300048828125,79.53500366210938,1148.5699462890625,153.8800048828125,208.6100006103516,140.64999389648438,43.970001220703125,48.834999084472656,426.6499938964844,406.7000122070313,55.334999084472656,300.7799987792969,146.8699951171875,80.94499969482422,119.80999755859376,,232.1300048828125
2026-06-09,290.3599853515625,91.23999786376952,475.5,152.1699981689453,392.739990234375,54.39500045776367,,56.47999954223633,251.6100006103516,116.79000091552734,186.75,401.6650085449219,330.489990234375,321.260009765625,312.5899963378906,81.33000183105469,,156.36000061035156,208.19000244140625,142.74000549316406,40.630001068115234,49.42499923706055,427.8500061035156,412.7170104980469,56.0,289.4700012207031,146.1699981689453,82.01000213623047,118.83000183105467,148.81500244140625,236.97999572753903
2026-06-10,291.5,89.13500213623047,451.6700134277344,151.76300048828125,371.55999755859375,54.53499984741211,75.62000274658203,55.61000061035156,242.16000366210935,119.91999816894533,189.8300018310547,,318.7900085449219,318.95001220703125,,83.58000183105469,1136.5899658203125,156.83999633789062,200.33999633789065,144.27999877929688,29.2450008392334,49.77999877929688,408.760009765625,407.55999755859375,56.83000183105469,280.9599914550781,138.52999877929688,81.97000122070312,120.55999755859376,150.66000366210938,238.50999450683597
2026-06-11,,89.66999816894531,488.2099914550781,156.3300018310547,385.1400146484375,,77.12000274658203,56.91999816894531,246.63999938964844,,185.77999877929688,393.7200012207031,332.8099975585937,326.0299987792969,,82.52999877929688,1160.2900390625,157.89999389648438,204.6699981689453,143.69000244140625,31.959999084472656,50.66999816894531,421.0700073242188,405.3200073242188,57.6150016784668,297.79998779296875,146.3699951171875,82.3949966430664,120.43499755859376,146.55499267578125,238.32000732421875
2026-06-12,291.0799865722656,88.12000274658203,511.1199951171875,163.22999572753906,381.8599853515625,55.994998931884766,78.5199966430664,57.125,253.7100067138672,116.97000122070312,187.2100067138672,,335.2900085449219,328.3599853515625,320.7099914550781,82.6050033569336,1133.0,158.3300018310547,205.1300048828125,144.2550048828125,30.459999084472656,51.64500045776367,423.7799987792969,408.4500122070313,58.93999862670898,302.6600036621094,148.0399932861328,83.7300033569336,121.0199966430664,,240.83999633789065
2026-06-15,296.4200134277344,88.69979858398438,547.260009765625,169.1199951171875,394.1300048828125,55.90999984741211,77.41000366210938,56.2599983215332,262.3599853515625,112.29000091552734,180.42999267578125,,342.3999938964844,329.94000244140625,319.6499938964844,80.93000030517578,,158.22000122070312,212.4600067138672,146.25,30.854999542236328,48.48500061035156,440.8999938964844,411.1900024414063,57.810001373291016,311.8500061035156,153.61000061035156,83.19000244140625,120.83999633789062,140.97000122070312,235.82000732421875
2026-06-16,299.25,90.62000274658205,507.2900085449219,168.0449981689453,376.8399963378906,,75.58000183105469,,268.0299987792969,111.3499984741211,180.15499877929688,407.6199951171875,351.7850036621094,336.989990234375,331.17999267578125,80.30999755859375,1123.1099853515625,161.66000366210938,207.2899932861328,146.14999389648438,29.229999542236328,49.14500045776367,425.989990234375,407.7699890136719,58.88999938964844,299.5400085449219,158.61000061035156,85.05500030517578,121.0199966430664,141.8699951171875,235.2700042724609
2026-06-17,295.8800048828125,88.47000122070312,512.0599975585938,164.92999267578125,,56.52000045776367,73.11000061035156,,267.2300109863281,111.20999908447266,177.5800018310547,409.7000122070313,356.9700012207031,327.5400085449219,333.57000732421875,79.94999694824219,1111.6600341796875,159.22000122070312,204.6779937744141,141.6199951171875,27.795000076293945,48.18999862670898,432.0400085449219,399.5499877929688,57.91999816894531,317.67999267578125,158.82000732421875,83.80500030517578,118.16000366210938,,234.0500030517578
2026-06-18,297.8900146484375,88.38500213623047,536.8300170898438,169.64999389648438,410.7900085449219,56.15999984741211,74.73999786376953,54.0,274.0799865722656,107.7300033569336,173.5800018310547,421.6499938964844,357.6700134277344,334.0799865722656,325.239990234375,79.37000274658203,1098.02001953125,160.64999389648438,210.22999572753903,141.94000244140625,30.65999984741211,48.31499862670898,462.2200012207031,401.05999755859375,58.09000015258789,333.1499938964844,163.72999572753906,82.20999908447266,117.18000030517578,137.77000427246094,228.32000732421875
2026-06-22,296.7900085449219,87.77999877929688,551.6799926757812,,392.0400085449219,57.369998931884766,76.0199966430664,54.70000076293945,,109.70999908447266,175.07000732421875,435.6900024414063,355.4100036621094,326.6300048828125,331.8500061035156,79.55000305175781,1103.68994140625,163.24000549316406,208.55999755859372,140.66000366210938,35.459999084472656,48.75,467.625,406.5299987792969,58.66999816894531,358.3699951171875,167.24000549316406,83.8499984741211,117.12000274658205,138.4600067138672,231.2700042724609
2026-06-23,,90.51000213623048,520.010009765625,162.24000549316406,380.3599853515625,57.91999816894531,,55.52999877929688,,109.97000122070312,175.99000549316406,405.30999755859375,356.3699951171875,324.45001220703125,334.1400146484375,80.30999755859375,1107.8299560546875,161.9199981689453,200.02099609375,142.0399932861328,33.31999969482422,49.68000030517578,436.6199951171875,409.30999755859375,60.040000915527344,318.2001037597656,162.3800048828125,84.13999938964844,119.41999816894533,139.72999572753906,239.08999633789065
2026-06-24,293.260009765625,90.51000213623048,519.6799926757812,161.86500549316406,,,,,,,171.5500030517578,404.7699890136719,365.7099914550781,342.7300109863281,333.489990234375,80.62000274658203,,165.9199981689453,199.08999633789065,142.1999969482422,32.45500183105469,49.77999877929688,441.0400085449219,405.5199890136719,60.11000061035156,316.56500244140625,162.82000732421875,84.26000213623047,119.0,136.8800048828125,241.0200042724609
2026-06-25,,93.24500274658205,532.5900268554688,165.55999755859375,379.3299865722656,58.20000076293945,76.87999725341797,55.40499877929688,268.7099914550781,106.43499755859376,172.27000427246094,419.8800048828125,371.3800048828125,344.8099975585937,335.2099914550781,80.45500183105469,1129.300048828125,168.08999633789062,195.7400054931641,139.52999877929688,31.700000762939453,50.685001373291016,435.25,415.80999755859375,61.220001220703125,325.5599975585937,167.77000427246094,84.76000213623047,115.7699966430664,137.55999755859375,244.97000122070312
2026-06-26,281.20001220703125,93.83999633789062,519.8300170898438,157.5500030517578,363.9400024414063,57.79999923706055,77.70999908447266,57.5099983215332,263.8099975585937,105.7750015258789,170.9250030517578,402.260009765625,368.4700012207031,348.17999267578125,327.9200134277344,82.62000274658203,1206.4599609375,164.00999450683594,191.72000122070312,141.1300048828125,30.6299991607666,50.43999862670898,432.260009765625,427.4150085449219,60.900001525878906,303.3800048828125,163.4199981689453,83.86000061035156,115.3000030517578,136.39999389648438,254.25999450683597
2026-06-29,281.6300048828125,92.6999969482422,539.5599975585938,164.08999633789062,372.4400024414063,57.869998931884766,77.62000274658203,58.54999923706055,259.2900085449219,104.18000030517578,168.4199981689453,408.260009765625,373.5499877929688,,329.44000244140625,82.625,1229.050048828125,162.44000244140625,194.8999938964844,138.64999389648438,28.13999938964844,50.57500076293945,455.1199951171875,419.4400024414063,61.255001068115234,307.010009765625,162.39999389648438,83.48999786376953,114.55999755859376,136.0449981689453,258.42999267578125
2026-06-30,289.0899963378906,90.68000030517578,580.8200073242188,169.9600067138672,377.0700073242188,56.970001220703125,75.86000061035156,57.61000061035156,,103.9499969482422,165.80499267578125,425.989990234375,373.2200012207031,352.375,327.2300109863281,81.24500274658203,1199.3800048828125,161.91000366210938,199.7700042724609,135.41000366210938,29.334999084472656,49.81999969482422,477.239990234375,415.3599853515625,60.40999984741211,334.5799865722656,158.63499450683594,82.62999725341797,113.22000122070312,,254.00999450683597
2026-07-01,294.25,92.16999816894533,540.8900146484375,166.67999267578125,369.2699890136719,58.3849983215332,77.20999908447266,56.459999084472656,236.44000244140625,103.23500061035156,165.6999969482422,412.4700012207031,,350.9100036621094,334.0799865722656,81.31500244140625,1192.1800537109375,159.99000549316406,197.5800018310547,141.17999267578125,27.649999618530277,50.90499877929688,444.2999877929688,426.6199951171875,61.959999084472656,311.44000244140625,153.16000366210938,85.94499969482422,108.86000061035156,136.25999450683594,253.9499969482422
2026-07-02,308.2200012207031,95.38999938964844,518.260009765625,160.02000427246094,360.3399963378906,58.68999862670898,77.98999786376953,58.11000061035156,239.1699981689453,104.72000122070312,169.1999969482422,398.6700134277344,377.489990234375,357.8299865722656,334.20001220703125,83.97000122070312,1210.47998046875,160.39999389648438,194.6199951171875,144.14999389648438,27.21999931335449,50.97999954223633,434.4700012207031,425.1400146484375,61.71500015258789,300.5199890136719,151.02000427246094,85.51000213623047,111.70999908447266,136.97000122070312,262.9700012207031
2026-07-06,312.8099975585937,95.6500015258789,551.9500122070312,173.19000244140625,373.9100036621094,59.900001525878906,78.0,56.70000076293945,245.92999267578125,103.56999969482422,168.1300048828125,,378.6700134277344,350.6700134277344,337.8699951171875,,1202.56005859375,159.14999389648438,195.5749969482422,143.3000030517578,27.190099716186523,51.44499969482422,451.9800109863281,418.1799926757813,62.83000183105469,318.4100036621094,157.22999572753906,87.45500183105469,110.66000366210938,,259.3299865722656
2026-07-07,310.6600036621094,95.83000183105467,516.5700073242188,166.35000610351562,,,78.7300033569336,57.970001220703125,239.6499938964844,108.44000244140624,173.91000366210938,395.5899963378906,366.9400024414063,345.2300109863281,339.260009765625,83.99500274658203,,158.0,196.92999267578125,144.97000122070312,26.239900588989254,51.3849983215332,432.6400146484375,428.0769958496094,62.900001525878906,305.6000061035156,155.7100067138672,87.20999908447266,111.54000091552734,141.66000366210938,267.2799987792969
2026-07-08,313.260009765625,95.11000061035156,517.489990234375,181.0200042724609,388.6700134277344,58.310001373291016,78.06999969482422,57.525001525878906,,,175.94000244140625,399.4299926757813,355.95001220703125,336.19000244140625,330.5199890136719,83.4000015258789,1215.8699951171875,154.72000122070312,204.1499938964844,142.47500610351562,28.174999237060547,49.67499923706055,436.8500061035156,425.5499877929688,60.9900016784668,317.8500061035156,154.82000732421875,85.55999755859375,113.0500030517578,140.9499969482422,263.3599853515625
2026-07-09,,94.36000061035156,546.6599731445312,184.63999938964844,401.1099853515625,59.23500061035156,79.98500061035156,57.93999862670898,250.69000244140625,107.98999786376952,174.0500030517578,405.7999877929688,359.0599975585937,338.69000244140625,,82.61499786376953,1216.699951171875,155.36000061035156,202.72999572753903,137.83999633789062,,51.369998931884766,437.0249938964844,431.6000061035156,61.900001525878906,323.8999938964844,158.00999450683594,86.91000366210938,112.1999969482422,137.3699951171875,259.1050109863281
2026-07-10,315.32989501953125,93.93000030517578,557.989990234375,186.9600067138672,399.989990234375,59.650001525878906,82.80000305175781,57.56499862670898,251.3800048828125,109.0199966430664,,407.1300048828125,,,336.4700012207031,83.48500061035156,1188.25,157.55999755859375,210.9499969482422,137.38999938964844,28.32999992370605,51.68999862670898,434.2900085449219,424.5799865722656,62.40999984741211,318.8500061035156,158.88999938964844,87.1050033569336,113.88999938964844,,257.010009765625
2026-07-13,317.4200134277344,92.11000061035156,534.4199829101562,,384.0299987792969,59.540000915527344,81.63999938964844,59.3650016784668,257.42999267578125,112.8550033569336,182.2100067138672,402.760009765625,353.45001220703125,,334.5899963378906,84.2699966430664,1184.8399658203125,157.69000244140625,203.47999572753903,138.50999450683594,27.670000076293945,51.95500183105469,421.6799926757813,429.1300048828125,62.345001220703125,305.79998779296875,158.10000610351562,87.69999694824219,114.80500030517578,144.56500244140625,257.8800048828125
2026-07-14,314.9200134277344,88.96499633789062,547.6400146484375,182.4900054931641,389.1400146484375,60.630001068115234,83.9800033569336,,256.4700012207031,,181.76499938964844,415.6700134277344,353.4700012207031,337.92999267578125,343.0400085449219,,1153.5799560546875,156.61000061035156,211.8000030517578,135.4499969482422,27.63500022888184,51.94499969482422,420.6499938964844,425.2799987792969,62.15499877929688,303.67999267578125,158.41000366210938,85.36000061035156,113.66500091552734,145.08999633789062,253.8600006103516
2026-07-15,327.57000732421875,89.33000183105469,528.7899780273438,171.9199981689453,394.1700134277344,61.625,85.37000274658203,58.70000076293945,258.1600036621094,111.47000122070312,181.6499938964844,412.8599853515625,360.43499755859375,341.54998779296875,346.9800109863281,82.45500183105469,1156.6064453125,160.52000427246094,212.4900054931641,135.47999572753906,26.88500022888184,52.79999923706055,419.5499877929688,418.5799865722656,63.03499984741211,304.5400085449219,160.2100067138672,87.5199966430664,112.52999877929688,144.5,247.07000732421875
2026-07-16,333.2699890136719,98.80999755859376,500.9299926757813,,374.4599914550781,61.505001068115234,85.25,60.5099983215332,251.69000244140625,112.83999633789062,183.8800048828125,396.1499938964844,345.75,347.8500061035156,343.0799865722656,84.93000030517578,1169.699951171875,161.75999450683594,207.47000122070312,139.41000366210938,24.684999465942383,53.18999862670898,410.239990234375,423.5400085449219,64.0,294.2200012207031,152.5399932861328,88.06999969482422,114.91999816894533,145.97000122070312,249.5850067138672
2026-07-17,333.739990234375,100.66999816894533,495.5,168.5800018310547,370.8399963378906,61.28499984741211,85.4000015258789,60.7400016784668,252.4199981689453,114.70999908447266,187.3600006103516,399.9100036621094,348.8399963378906,338.95001220703125,341.19000244140625,81.56500244140625,1178.5799560546875,159.86000061035156,202.63999938964844,137.13499450683594,24.170000076293945,52.5099983215332,398.3299865722656,426.1499938964844,63.150001525878906,289.42999267578125,155.4199981689453,87.5199966430664,114.20999908447266,147.38999938964844,253.1000061035156
2026-07-20,326.70001220703125,101.6999969482422,503.4200134277344,169.34500122070312,378.2099914550781,60.43999862670898,85.12000274658203,60.18000030517578,253.57000732421875,,189.6699981689453,401.5700073242188,341.3299865722656,,338.8900146484375,82.11499786376953,,159.32000732421875,203.3800048828125,135.47000122070312,23.82550048828125,50.97999954223633,402.5299987792969,421.6799926757813,63.165000915527344,291.8399963378906,157.97999572753906,86.34500122070312,112.1999969482422,148.39999389648438,248.8500061035156
2026-07-21,327.5899963378906,99.66999816894533,544.4390258789062,174.5800018310547,386.1300048828125,61.21500015258789,85.20999908447266,60.91999816894531,262.2099914550781,117.54000091552734,191.05999755859372,402.9200134277344,340.70001220703125,331.6099853515625,345.1600036621094,81.95500183105469,1175.1500244140625,170.7050018310547,207.17999267578125,134.99000549316406,25.489999771118164,51.369998931884766,424.4849853515625,436.4700012207031,63.71500015258789,304.6099853515625,162.30999755859375,87.73999786376953,110.37000274658205,151.72000122070312,250.6499938964844
2026-07-22,325.8699951171875,,,174.90499877929688,396.6900024414063,,87.11000061035156,60.76499938964844,274.7799987792969,118.79000091552734,192.97000122070312,406.9800109863281,341.1700134277344,331.489990234375,348.3699951171875,,1163.010009765625,170.7899932861328,212.05990600585935,135.64999389648438,30.5398006439209,51.709999084472656,421.1400146484375,431.3200073242188,64.46499633789062,301.17999267578125,166.7100067138672,86.43000030517578,109.33499908447266,154.4499969482422,255.63999938964844
2026-07-23,321.6099853515625,100.79000091552734,539.7999877929688,176.58999633789062,392.7999877929688,61.29499816894531,84.37999725341797,61.52000045776367,,120.1999969482422,194.4199981689453,415.0700073242188,349.010009765625,324.6700134277344,349.760009765625,81.11000061035156,1185.0699462890625,169.5749969482422,208.6999969482422,134.9250030517578,,51.20000076293945,415.5799865722656,423.5400085449219,63.31999969482422,304.010009765625,168.92999267578125,86.19999694824219,108.37999725341795,156.86000061035156,259.2699890136719
2026-07-24,333.07000732421875,103.11000061035156,522.030029296875,174.0500030517578,381.9200134277344,62.04499816894531,85.43000030517578,62.09000015258789,274.3999938964844,120.2699966430664,194.72000122070312,404.0199890136719,353.760009765625,,353.1600036621094,82.25,1196.0400390625,172.60000610351562,206.9600067138672,136.64999389648438,,51.775001525878906,403.6900024414063,420.6400146484375,63.97499847412109,290.42498779296875,163.38999938964844,86.38999938964844,109.45999908447266,156.92999267578125,263.4200134277344
2026-07-27,336.9200134277344,,495.0700073242188,170.7100067138672,383.3500061035156,62.165000915527344,88.43000030517578,62.56499862670898,270.07000732421875,115.58999633789062,189.9900054931641,398.5700073242188,361.6499938964844,336.010009765625,356.17999267578125,84.1050033569336,,178.2100067138672,196.5200042724609,139.77999877929688,29.799999237060547,52.130001068115234,399.2699890136719,417.5499877929688,63.494998931884766,287.2200012207031,157.0800018310547,87.30500030517578,111.73999786376952,154.7899932861328,265.989990234375
2026-07-28,340.1600036621094,107.31999969482422,454.8500061035156,169.64999389648438,380.760009765625,62.61000061035156,89.47000122070312,,259.8500061035156,114.11000061035156,187.6699981689453,386.2900085449219,363.6499938964844,344.489990234375,357.3900146484375,88.33499908447266,1222.6500244140625,182.4600067138672,196.9499969482422,142.8699951171875,28.45499992370605,53.0,392.2999877929688,429.0400085449219,64.44000244140625,269.5,148.63999938964844,86.91999816894531,113.0999984741211,153.19000244140625,266.79998779296875
2026-07-29,338.07000732421875,108.0250015258789,429.5700073242188,,370.2999877929688,61.06999969482422,90.16000366210938,,258.07000732421875,118.06999969482422,,361.739990234375,350.6400146484375,338.2699890136719,344.739990234375,89.12000274658203,1210.719970703125,177.97000122070312,190.05999755859372,143.5500030517578,25.709999084472656,52.31499862670898,374.7799987792969,420.7250061035156,62.81999969482422,223.1000061035156,142.80999755859375,83.88999938964844,114.2300033569336,156.80999755859375,265.6199951171875
2026-07-30,333.8500061035156,,,171.02000427246094,388.2699890136719,61.75,87.77999877929688,64.86000061035156,263.6000061035156,119.04000091552734,192.5399932861328,387.2200012207031,355.1099853515625,333.3900146484375,350.95001220703125,88.5199966430664,1155.4200439453125,176.1199951171875,195.1499938964844,140.22000122070312,27.71999931335449,52.0,403.2999877929688,421.5700073242188,62.90250015258789,227.6100006103516,148.63999938964844,85.43000030517578,111.08999633789062,,255.91000366210935
2026-07-31,,105.73999786376952,476.1400146484375,180.3699951171875,389.2799987792969,61.97499847412109,86.26000213623047,65.30999755859375,262.760009765625,120.48999786376952,196.8800048828125,415.6199951171875,360.1400146484375,332.0199890136719,351.8699951171875,87.58999633789062,1148.050048828125,176.30999755859375,200.80999755859372,139.5850067138672,28.399999618530277,51.84999847412109,404.3500061035156,414.3599853515625,63.005001068115234,241.6100006103516,148.2100067138672,86.46499633789062,111.20999908447266,,256.4100036621094
2026-08-03,303.2699890136719,,484.7300109863281,184.92999267578125,,62.4900016784668,85.26499938964844,65.45999908447266,,119.16999816894533,193.17999267578125,,368.9500122070313,340.0799865722656,352.6099853515625,86.87000274658203,1121.2550048828125,177.25999450683594,206.69000244140625,139.63999938964844,,51.91999816894531,406.1199951171875,415.4200134277344,63.935001373291016,263.1099853515625,155.94000244140625,87.9000015258789,110.70999908447266,155.0500030517578,254.4499969482422
2026-08-04,309.3900146484375,105.48999786376952,526.0,190.4499969482422,418.0750122070313,62.90999984741211,86.3499984741211,65.9000015258789,267.239990234375,117.94000244140624,190.3999938964844,444.5799865722656,,348.3299865722656,357.5799865722656,86.55999755859375,1116.239990234375,181.47000122070312,211.83999633789065,139.1199951171875,31.700000762939453,52.650001525878906,417.0849914550781,407.6900024414063,64.2300033569336,269.9100036621094,143.22000122070312,88.33999633789062,111.5500030517578,153.96499633789062,254.9199981689453
2026-08-05,310.9200134277344,105.62999725341795,481.6400146484375,197.2700042724609,418.3710021972656,63.25,84.48999786376953,63.630001068115234,264.45001220703125,115.04000091552734,186.41000366210935,447.2900085449219,381.1199951171875,,,86.81999969482422,1168.7750244140625,182.0800018310547,219.1999969482422,138.7899932861328,30.31999969482422,52.86000061035156,414.0299987792969,412.75,64.20999908447266,278.2300109863281,140.5800018310547,89.15499877929688,112.34500122070312,151.61000061035156,257.57000732421875
2026-08-06,312.45001220703125,107.95500183105467,489.6700134277344,192.30999755859372,420.4700012207031,63.005001068115234,80.0199966430664,64.1500015258789,261.25,116.7699966430664,189.22999572753903,448.1700134277344,374.5899963378906,349.57000732421875,356.29998779296875,86.8499984741211,1192.800048828125,180.75999450683597,218.9900054931641,138.49000549316406,29.3799991607666,52.595001220703125,418.0700073242188,403.989990234375,63.834999084472656,275.32000732421875,141.31500244140625,87.58000183105469,112.0719985961914,154.8300018310547,257.0150146484375
2026-08-07,313.29998779296875,107.80999755859376,483.4800109863281,188.6000061035156,427.5249938964844,63.15999984741211,82.0,64.70999908447266,269.9800109863281,117.61000061035156,186.5500030517578,448.6700134277344,370.0499877929688,355.5899963378906,357.4700012207031,87.05500030517578,1185.0799560546875,182.88999938964844,223.97999572753903,139.02200317382812,31.100000381469727,52.34999847412109,419.9599914550781,407.05999755859375,63.92499923706055,272.3399963378906,140.60000610351562,87.23500061035156,111.81999969482422,152.94500732421875,259.2300109863281
2026-08-10,308.19000244140625,108.62999725341795,469.3500061035156,,422.25,63.880001068115234,82.43000030517578,,270.42999267578125,123.06999969482422,194.9199981689453,444.9800109863281,366.6700134277344,350.7900085449219,359.8299865722656,86.88500213623047,1231.5799560546875,182.0399932861328,217.55999755859372,137.72999572753906,31.450000762939453,51.869998931884766,418.55999755859375,408.6799926757813,64.19499969482422,270.2099914550781,142.85000610351562,87.53500366210938,112.6750030517578,159.7899932861328,261.69000244140625
2026-08-11,304.8999938964844,109.74500274658205,474.3900146484375,,415.8599853515625,64.0,83.27840423583984,,278.25,125.91999816894533,196.6699981689453,459.4100036621094,368.010009765625,,362.0050048828125,86.5,1214.594970703125,183.13999938964844,217.47999572753903,138.39500427246094,31.68000030517578,52.310001373291016,422.1900024414063,402.2000122070313,64.28500366210938,281.82000732421875,144.91000366210938,87.44999694824219,113.26000213623048,159.8000030517578,
2026-08-12,,110.91999816894533,,,,64.81999969482422,83.02999877929688,63.709999084472656,278.6600036621094,127.33000183105467,196.58999633789065,459.9100036621094,365.2200012207031,343.44000244140625,365.2200012207031,86.74500274658203,1220.4200439453125,183.7899932861328,224.1300048828125,138.6999969482422,37.560001373291016,52.67499923706055,429.1499938964844,405.6400146484375,65.0199966430664,288.3699951171875,146.7100067138672,88.95500183105469,116.03500366210938,159.75999450683594,260.8900146484375
2026-08-13,305.32000732421875,,483.0887145996094,203.6199951171875,417.8500061035156,64.1050033569336,85.37999725341797,64.6500015258789,278.6600036621094,124.5199966430664,,453.3399963378906,360.6300048828125,341.6919860839844,363.1300048828125,87.43499755859375,,182.69000244140625,225.3699951171875,140.6199951171875,39.13999938964844,52.9900016784668,430.5450134277344,399.2999877929688,65.16000366210938,287.20001220703125,146.47000122070312,88.12999725341797,115.7300033569336,158.64999389648438,262.125
2026-08-14,305.95001220703125,111.24500274658205,514.3699951171875,198.7899932861328,393.0499877929688,64.48999786376953,86.43000030517578,,282.510009765625,126.7750015258789,200.00999450683597,451.510009765625,368.3299865722656,338.79998779296875,,87.70500183105469,1180.6300048828125,182.6499938964844,225.16000366210935,140.8000030517578,39.84000015258789,53.095001220703125,426.3200073242188,401.80999755859375,65.4000015258789,293.8999938964844,148.13999938964844,88.78500366210938,115.2699966430664,160.08999633789062,260.3599853515625
2026-08-17,305.69000244140625,110.37999725341795,506.0899963378906,201.82000732421875,,63.90999984741211,85.44999694824219,64.6500015258789,278.3399963378906,127.58000183105467,202.7100067138672,455.55999755859375,369.2200012207031,338.3299865722656,361.2000122070313,86.98500061035156,1184.5999755859375,180.22999572753903,225.0500030517578,138.24000549316406,38.275001525878906,52.54499816894531,430.9400024414063,395.55999755859375,64.88999938964844,292.5849914550781,146.11000061035156,87.54499816894531,114.33000183105467,161.50999450683594,262.45001220703125
2026-08-18,310.20001220703125,112.6999969482422,484.6749877929688,193.19000244140625,380.010009765625,64.25160217285156,87.26000213623047,66.08499908447266,266.8999938964844,129.77000427246094,205.7449951171875,431.30999755859375,375.1799926757813,,363.25,88.81999969482422,1226.6600341796875,180.94000244140625,219.8000030517578,140.11000061035156,37.40999984741211,52.43000030517578,413.4849853515625,393.8999938964844,64.79499816894531,272.4599914550781,140.50999450683594,87.41500091552734,115.20999908447266,165.61500549316406,271.1300048828125
2026-08-19,316.8800048828125,114.46499633789062,,,,,89.2300033569336,67.62000274658203,274.19000244140625,,205.77999877929688,424.5400085449219,356.2900085449219,344.3900146484375,357.32000732421875,90.375,1281.489990234375,180.6100006103516,217.6499938964844,142.5800018310547,36.58000183105469,50.97499847412109,412.3299865722656,388.6099853515625,62.83000183105469,260.9200134277344,142.69000244140625,85.94999694824219,114.37999725341795,164.80999755859375,273.4700012207031
2026-08-20,311.3399963378906,,469.4150085449219,183.7949981689453,364.239990234375,,85.75,65.5,273.04998779296875,134.9149932861328,205.80999755859372,415.5,344.760009765625,334.5599975585937,,,1246.43994140625,178.19000244140625,217.0500030517578,142.08999633789062,36.4900016784668,50.255001068115234,416.0450134277344,384.8800048828125,61.790000915527344,264.67999267578125,138.97000122070312,83.70500183105469,103.83000183105467,166.28500366210938,267.760009765625
2026-08-21,309.4200134277344,116.62999725341795,472.75,188.66000366210935,368.4500122070313,61.69499969482422,,67.0199966430664,,134.8939971923828,205.2700042724609,419.239990234375,348.385009765625,335.7049865722656,351.635009765625,,1254.77001953125,178.9600067138672,214.75,143.47999572753906,,50.41999816894531,418.9500122070313,389.9700012207031,62.05500030517578,261.9700012207031,136.22000122070312,83.83999633789062,103.6999969482422,165.11000061035156,270.32000732421875
2026-08-24,310.3500061035156,116.66500091552734,456.7607116699219,188.1699981689453,358.7650146484375,62.33000183105469,87.4749984741211,67.29000091552734,273.42999267578125,133.35000610351562,203.07000732421875,408.7099914550781,341.8099975585937,337.4200134277344,356.42999267578125,91.97000122070312,1247.77001953125,179.02000427246094,208.4600067138672,144.67999267578125,35.14500045776367,50.82500076293945,410.1199951171875,398.7699890136719,62.41999816894531,254.9199981689453,135.67999267578125,84.7300033569336,106.52010345458984,164.07000732421875,273.0799865722656
2026-08-25,309.8299865722656,116.11000061035156,479.25,190.92999267578125,356.69000244140625,62.415000915527344,85.29000091552734,67.91999816894531,278.3500061035156,131.85000610351562,199.91000366210935,,349.510009765625,337.8500061035156,356.69000244140625,91.63999938964844,1233.5699462890625,179.35499572753906,212.97999572753903,142.25,38.459999084472656,50.310001373291016,417.3399963378906,396.6199951171875,62.40999984741211,255.6199951171875,139.0399932861328,84.79000091552734,105.38500213623048,160.63999938964844,273.1600036621094
2026-08-26,313.489990234375,,481.010009765625,,355.8810119628906,,,,279.5199890136719,,,,,,,,,,,,,,,,,,,,,,
